indice_tiempo,robos_hechos,robos_tasa
2001,383734,1058.3
2002,469899,1279.1
2003,433862,1165.7
2004,386916,1026.1
2005,355332,930.09998
2006,354040,914.70001
2007,367681,937.59998
2008,398361,1002.6
2009,389439,967.40002
2010,393750,965.40002
2011,410504,994.90002
2012,442635,1060.6
2013,443821,1051.6
2014,501610,1175.6
2015,473068,1096.8
2016,468351,1074.4
2017,435516,988.79999
2018,456405,1025.8
2019,508728,1132
2020,362643,799.20001
2021,394138,860.40002
